Ticker,Volatility,NbWeek,Hurst,c
TSCO,9.387196456377659,105,0.5903040977536176,0.9030508624919263
SMCI,1.5466936687741428,105,0.6442234645671608,1.066533157952886
LW,1.0565368071114731,105,0.48426599265633485,1.3630063155352705
PAYC,0.7127523958678679,105,0.5588838550289523,1.0437616695555416
WBA,0.7019491357170284,105,0.7857876441155033,0.5901548607180664
TPL,0.6956236554414318,105,0.6249141439108253,1.161813067167504
FSLR,0.6922112279396148,105,0.42689954859686585,1.2678822965105605
WBD,0.6920692651938513,105,0.4725828141981875,1.2192096130026913
ENPH,0.6826511303202526,105,0.6832660415537237,0.7407725491221012
HUM,0.6451574634146344,105,0.5739467766496741,0.9148396849024608
VST,0.614648136480705,105,0.8035476104559994,0.7367924767522479
VRTX,0.5970731481303845,105,0.664304462789312,0.7696930508649255
MU,0.5944615650152754,105,0.6526580200908787,0.7818306428014847
ALGN,0.5793346610681024,105,0.3324690793571179,2.218883082895795
PLTR,0.5710318408113543,105,0.8284655853040425,0.5195861927330897
MRNA,0.553667102872583,105,0.697437171583197,0.8345202801423993
TSLA,0.5337071757763444,105,0.4799675615027305,1.585804639646191
NCLH,0.5270494927167013,105,0.4126767522825887,1.5601415923814799
ALB,0.5153058868222778,105,0.6413051542411256,0.9656955347235655
DELL,0.5048411023267734,105,0.7035564129017151,0.8985614370041952
CCL,0.504413610467728,105,0.5338449947966618,1.3869776061238028
CEG,0.5021250167757336,105,0.7452211818329095,0.7348984820705143
INTC,0.5014573372531033,105,0.6012976783253547,0.9230143506494882
ADBE,0.4996758107295306,105,0.540487972607924,1.2637060858793847
CVS,0.4959964200660221,105,0.6283279231516204,0.746885405208441
GNRC,0.495050769864372,105,0.527705631138088,1.0434099731793842
NUE,0.4945596547726273,105,0.3464530290558454,2.0774002284839233
SCHW,0.4931387097158443,105,0.34820602979060716,2.1276300943343567
HAS,0.4916083389832083,105,0.4507467260681398,1.4828467805563372
BLDR,0.49099821526056814,105,0.6451490696008135,1.0475597822130887
AVGO,0.48131249539243576,105,0.8248210384545832,0.49523514511589684
WDC,0.48027883932715265,105,0.6324506824586205,0.803638355615946
AMD,0.4797208668166565,105,0.6769747088457805,0.8136007652463192
MHK,0.4774140783392145,105,0.5451515890070133,1.0231762084551146
BX,0.47481428871952364,105,0.7510377835979045,0.610288065213808
CRWD,0.4635536086280946,105,0.7197543549722626,0.8841454031638524
EL,0.46178789320176133,105,0.78165393735196,0.6648870275088828
SBUX,0.4577123449142769,105,0.4801263299944816,1.002701898043873
CHTR,0.4562932354047069,105,0.4158103918378023,1.5899211352196054
BXP,0.45531756105608084,105,0.5656821378357667,0.9527571648241244
NVDA,0.45190973965468123,105,0.8333108763382032,0.7589348665377362
FMC,0.45147219495637886,105,0.7252188694613789,0.7361269561243258
CTAS,0.44796331671488443,105,0.8493401127937821,0.5322215329442068
KEY,0.43826455230702793,105,0.5813776138722124,0.9658417918225566
STLD,0.4346092112112606,105,0.32773250745420635,1.9718693516517622
MGM,0.4275283321816176,105,0.35220347648552397,1.832868641598825
PARA,0.42742969681101006,105,0.5387249172428162,0.9834201018128357
MPWR,0.4271846375049582,105,0.47816745692737034,1.5374812777876963
CFG,0.4175963898317195,105,0.5952417298556152,0.9707887334197803
AXON,0.4159933516920347,105,0.8164097588717331,0.45930186857072974
ANET,0.41459186522694225,105,0.7680080915358275,0.6115953568258605
LDOS,0.413617463090138,105,0.7260069027820941,0.7467166334955243
WYNN,0.41305626575716653,105,0.3106511981563818,2.2881060725265687
DHI,0.4107854946782811,105,0.6653820691462012,0.8694563304664383
CZR,0.40983998797754784,105,0.4271447713185108,1.2939228981329634
GEN,0.408740701930394,105,0.579972900834365,1.0746395334833296
LRCX,0.4084552460779427,105,0.7126111870419035,0.7504408365598074
HBAN,0.4075629241294622,105,0.5436376693867402,1.1080892356004775
AES,0.4069041054195397,105,0.5834003256400903,1.0793252929365975
DVN,0.4061015017229216,105,0.49903683153068185,1.1644312601305717
URI,0.3991885874282832,105,0.6212364217650139,0.933901205657656
KLAC,0.39889375944788497,105,0.6650842808164256,0.7425260347723042
DG,0.39736214648151896,105,0.6319254151676972,1.1193939682160468
NEM,0.3951436615979236,105,0.47965247483717743,1.3228379099277452
HAL,0.3932422326950318,105,0.3580690513948713,1.9293425795629422
MCHP,0.3913661378369653,105,0.441522178746374,1.3301708354158808
FITB,0.39121502715332057,105,0.5727086226336661,1.0348254104007268
APA,0.39045497119558353,105,0.550095800551027,1.0135823820265728
USB,0.38931288588308577,105,0.48741449519869723,1.3705597433966448
HPE,0.3861498189104511,105,0.494628421870719,1.06044092257022
MOS,0.3856089576533649,105,0.6794283065977983,0.689983684896578
F,0.3826070453423773,105,0.3474329476728411,1.7003961879399483
STX,0.38236106466921044,105,0.6809254043975612,0.7521610283445844
RCL,0.3819355488292465,105,0.7789777989543033,0.8079856444633897
RF,0.3793737979919849,105,0.533480735689578,1.2227041300668509
TFC,0.37653551711573574,105,0.5056489547113653,1.239748071182185
PANW,0.37497315841502576,105,0.6924685539636095,0.8515502078165886
UAL,0.37353747040344276,105,0.48897423957317854,1.5982731338721505
UHS,0.3729206163089495,105,0.5316368461514671,1.2345830478117192
JBL,0.37175371090670806,105,0.5886902997342387,1.0445155382801454
DPZ,0.37151346970887156,105,0.5624293479620761,0.9348211319919458
AMAT,0.37142456735025625,105,0.6874326684482058,0.736860186104919
TER,0.3713007131423842,105,0.40326891161219786,1.6752636297758323
TECH,0.3707766472741414,105,0.39086423517978697,1.5663343295042795
LEN,0.37036652559055405,105,0.6912784685818544,0.7756889790382007
NRG,0.3696072384371762,105,0.8028257044953906,0.6715365610040265
FCX,0.36768605236766916,105,0.3736224860784038,1.5502034374164104
HES,0.36754449889005686,105,0.32580890771757365,1.798895750384873
MTCH,0.3671454899723665,105,0.4097909641809411,1.6928232764535027
SYF,0.3670608220060746,105,0.6831182797097891,0.777723409906122
EQT,0.3628558486674977,105,0.4096233144939548,1.4868880738996997
FANG,0.36169951477225265,105,0.6140441793500266,0.713707591983422
CBRE,0.3612498613033702,105,0.5989114190948401,0.9685341950675455
EXR,0.36078051387491183,105,0.591920795596966,0.9566566245740898
PHM,0.3589960279661098,105,0.8119432957993328,0.6399112919491072
CRL,0.35866817534917833,105,0.43835342632276453,1.2740948535172005
PLD,0.3586095103721064,105,0.4071184540960207,1.4811497636266984
CSGP,0.3584211215230594,105,0.358217524083806,1.750566517648931
ZBRA,0.35819003222032897,105,0.5728317118997119,0.916056771508517
META,0.35731768141583414,105,0.875615965360301,0.5956556157231434
LULU,0.356992479719047,105,0.5674951490880691,1.2480295351560353
INCY,0.35467261185525345,105,0.47592550589988036,1.4880932384238164
DFS,0.35441672513509354,105,0.5956762555092816,0.9203911684699511
KEYS,0.3531846745679053,105,0.45982029105057376,1.2037614246914736
FICO,0.3517934939473409,105,0.908068167418982,0.5138273135039929
KKR,0.3512433140121432,105,0.8011977368133318,0.6240514946330635
PODD,0.34958442403249645,105,0.6172607980461257,0.9615350429778389
PYPL,0.349564859633953,105,0.5053778018199018,1.1722419868604421
NDSN,0.34864152414163113,105,0.41454757169241296,1.4583103167837608
SNPS,0.34839055060645296,105,0.6195350703690685,1.0101294399002874
MPC,0.3480138119408902,105,0.5867207000487948,1.0575845322955422
ON,0.34789962067369934,105,0.4076702554477356,1.6363250481499652
HSIC,0.34635432393142923,105,0.4919525814969842,1.184775774979703
UNH,0.3456967703827806,105,0.4239028531177699,1.3153880683824635
ODFL,0.3454563913177951,105,0.47369992181082454,1.2339948510594907
CMCSA,0.3434914020643735,105,0.48433993602057623,1.1337467334136293
FTNT,0.342822899792214,105,0.44788173779214435,1.550407542610735
CHRW,0.34237443932453165,105,0.5099132017171959,1.1603874925352167
COF,0.34154595784280173,105,0.6164318999111418,0.9326750011358466
IR,0.3414360575717147,105,0.6889224960230564,0.7663365383000393
CRM,0.3409166592790198,105,0.700424729638783,0.8862026119055706
GPC,0.3403068085755263,105,0.4730057804438905,1.2424270544887934
EMR,0.3396629968317596,105,0.5438900587609617,1.0306062639551647
APD,0.3388914287301321,105,0.4823568643829295,1.0854161334860577
EXPE,0.3388303718993849,105,0.5151939727119695,1.2411162749617934
DAY,0.3382780468418856,105,0.37714161746806296,1.626921876840886
BA,0.33801537683086236,105,0.5674854020654215,0.9504248078793843
GM,0.3358977663193462,105,0.5883481768779344,0.9640809225971143
UBER,0.3358390106268323,105,0.7477964066552962,0.7813299839876378
EA,0.33528665952754555,105,0.4998465944002292,1.2435969024712081
LVS,0.3303330073658766,105,0.43682819037820436,1.4694713109234576
CDNS,0.32986755523488887,105,0.611183933889192,1.0615809006464756
BEN,0.32965830335531365,105,0.48726189274150417,1.231739058356377
ADM,0.32902155501979,105,0.5413121128415612,1.1794641179028373
SWK,0.32814374182391665,105,0.39658307019152156,1.5083065725939997
RMD,0.3262888982055862,105,0.5858708299992098,0.8892949739707463
IVZ,0.3261501618696577,105,0.45038738793114386,1.2424148913232624
QCOM,0.3254922873346271,105,0.6288194709648371,0.8187077242070889
DAL,0.32431650434167647,105,0.45781852883814,1.8419151389891952
WAT,0.3236583453419565,105,0.49020077122515093,1.1394306213374725
SLB,0.3235238281358534,105,0.4041602198258972,1.4761161249703618
KIM,0.3207550350461558,105,0.4880342891086236,1.3382204934886504
TRGP,0.3200400594408701,105,0.8111991374977159,0.5942498148028045
DVA,0.3194658488538525,105,0.6616686671178367,0.7696882368716933
VLO,0.3192690667960394,105,0.5134010165467886,1.0809498722527178
HUBB,0.3189552091902661,105,0.6725599927866354,0.8024802810713797
APTV,0.31821827164098415,105,0.6147099540341799,0.8910051724289477
MTB,0.31816564624611715,105,0.6019207640882698,0.9397043219466951
CTVA,0.3176381711484072,105,0.5370185052480273,0.9075064222818727
EOG,0.31711782608016703,105,0.38011170171709524,1.4138841987214767
EPAM,0.31708243292884253,105,0.5444671242213639,1.043688622513639
TRMB,0.3169870387429036,105,0.5100625202426067,1.1606105831487668
GRMN,0.3169582068163642,105,0.8347690428565002,0.4626839078594418
NXPI,0.31684195843182444,105,0.546729954826695,1.065502916719788
NTAP,0.3156056357673372,105,0.6694059146415747,0.9406726428537913
ARE,0.3154296318922634,105,0.6178404699957328,0.8188332531569997
MTD,0.31487057423714226,105,0.5519328859495313,1.0305637479134586
WY,0.3148217640711403,105,0.2914933176186514,2.1879573842739988
NOW,0.3147246769981147,105,0.7934390469091787,0.6343472871024328
CE,0.3146086290869663,105,0.5511275732021618,1.1379283425275828
MKTX,0.31430294002774783,105,0.46621982692720904,1.5977411263352026
LKQ,0.3137047156403532,105,0.5794318372260776,0.8942593085924373
KMX,0.31298561853337004,105,0.3795064763193708,1.6111554070371688
CVX,0.3125528356332678,105,0.25033520170375445,2.2812880839093777
CARR,0.31231842056178655,105,0.6653382407051924,0.7088928666673885
SBAC,0.3101920355004425,105,0.4883546118920087,1.3115212762057349
LUV,0.30855351611432635,105,0.4434555028086474,1.530945676675786
GS,0.3081602922472559,105,0.7283799656015035,0.6045301246337716
POOL,0.30805010895311835,105,0.3457867121358751,1.6501693116866754
TT,0.30641657421294366,105,0.7878229693330001,0.5767418074637486
PWR,0.3063233901529043,105,0.7272645474319616,0.7786558723116969
EFX,0.3047418275264856,105,0.5539834815624973,1.1135983295623122
CMG,0.304653223760583,105,0.6759594716495047,0.9689356882019501
OKE,0.3045852047309271,105,0.7622391947118923,0.5422967138558594
AKAM,0.30429512370407646,105,0.5878799491825033,1.0566895865639163
MS,0.3042877892088728,105,0.6546167233117932,0.7624707462405358
NFLX,0.304109898837679,105,0.6829772541198114,0.9371313357733897
LLY,0.3040682242816335,105,0.7214738490676611,0.9581426614063321
PNC,0.30358142786709136,105,0.6192325682041533,0.894235757655197
BAX,0.3030156636601165,105,0.3876080712421801,2.003858207954771
RJF,0.30273688780522523,105,0.57276268027264,1.160239051251435
NEE,0.30250431747070916,105,0.5578718682755622,1.127600231294905
MOH,0.3021569163745004,105,0.4721706254660444,1.3207197998274238
CTRA,0.30111182257245833,105,0.34947481694595295,1.6178344717402027
ADSK,0.3009159733241214,105,0.5312111006410165,0.9727587102580953
RL,0.3002807955022656,105,0.6686670140916684,0.7806222672265182
BKR,0.3001746629228424,105,0.5121185764822076,1.304400699893064
TPR,0.29973293100716686,105,0.6007955210975051,0.9997226408938226
BAC,0.2993136715306441,105,0.591998182548526,0.9925225971947703
SNA,0.2990011312193641,105,0.6022798781165983,0.8549852656767692
CCI,0.2988850166631758,105,0.5355376120695912,1.2817208101472157
PNR,0.2982598027205534,105,0.7349512633919207,0.7385044746789843
SWKS,0.298040844860603,105,0.24527019997461624,2.517059703813104
A,0.297665588183739,105,0.5053224640106204,1.1883902090378302
UPS,0.29680732242948327,105,0.48343479251725885,1.2206688694546606
TXT,0.2960061510884366,105,0.6100853378794114,0.7529123621186197
APH,0.29583636697246846,105,0.6983996247539985,0.7333972932426571
ERIE,0.29560116409980264,105,0.6568447764028578,1.0233766725285578
RVTY,0.2950018574980736,105,0.5469188358969486,1.0676406617243306
IP,0.2944979047807201,105,0.6464196669351767,0.753521945852467
REGN,0.2940703085192024,105,0.48696886141612694,1.6131326399833557
ORCL,0.29380573835312024,105,0.708626327953805,0.7754796489797247
PSX,0.29352162324208814,105,0.6411544586464789,0.8061245020422861
IPG,0.2934122456958411,105,0.46340258429104836,1.1728368209749138
BALL,0.2928662242645537,105,0.48360107944989184,1.1909606643719257
ZTS,0.2925629762373202,105,0.3255426829268757,2.023377814834607
DRI,0.29235991578296194,105,0.40199459654533226,1.6892937420962302
IDXX,0.29220858243440817,105,0.37893426390304136,1.6959536264587411
DXCM,0.29107608348265146,105,0.4443357094316038,1.4181585668546142
TGT,0.2909670463464404,105,0.49929159950333873,1.3226184237935563
COP,0.2905517412848615,105,0.42404361003483254,1.4254962832132616
QRVO,0.28955804212455455,105,0.47943189167085926,1.1109896861147737
DECK,0.28892648713420266,105,0.7653430696545465,0.7013564337367245
HCA,0.28862503121355637,105,0.6129681725965271,1.006344779117138
IQV,0.2883020817048839,105,0.31674602606334884,2.064217536084019
GE,0.287713880473058,105,0.9041632123352165,0.5677307592897632
GOOG,0.2874218009798976,105,0.7173139563576063,0.6520759365010191
NSC,0.28644464926452057,105,0.45043666768573865,1.5258696767344684
CF,0.28595432722628594,105,0.46627600923258056,1.1616194215647873
VTRS,0.28591330446984475,105,0.4348231483988781,1.5577328575716172
GEHC,0.2855170808330546,105,0.4467296024940711,1.6811770454596224
GOOGL,0.28537438139379045,105,0.7165407377126326,0.6555700114635313
PH,0.2845277999621183,105,0.7102191908653207,0.8698811508350606
LYV,0.2843360938117746,105,0.5593432055079849,1.1402826208318004
GWW,0.28422254879028924,105,0.733217556652516,0.7265798757691302
HST,0.28400772383491985,105,0.4555262777298749,1.2963590465339032
TFX,0.28307214874018627,105,0.40478643771664924,1.6196760153814087
GPN,0.28154223816162044,105,0.32328919964570246,2.085082337188289
CAT,0.28120423496612434,105,0.579191962493019,1.062474164530996
HWM,0.2811208313609904,105,0.809700588872049,0.6313720759908473
BWA,0.2800446030482126,105,0.40525492092570375,1.6578626922345632
BG,0.2793435562379664,105,0.41087592115607346,1.5911491168822054
ESS,0.2786902888970704,105,0.5903484954359682,0.949155380579872
ROK,0.27803461993016815,105,0.3072109776412267,1.9118444680619353
CPAY,0.2774857172172594,105,0.6508545651377559,0.8947088027551466
AMT,0.27719429584167554,105,0.4143066439388387,1.7284395508174744
WFC,0.27681331420100147,105,0.6051301917214884,1.0247499301918068
ETN,0.27542625595441694,105,0.6890925197538685,0.9203629330700437
IT,0.27478852721444014,105,0.6874125079492179,0.6953382634972077
NTRS,0.27350014328622607,105,0.5853727920390577,0.9869562181493226
IFF,0.2718634126637392,105,0.4984455727261507,1.267684755444909
STE,0.27172188142938253,105,0.3759654602175094,1.726226264948249
DLR,0.27160807608584253,105,0.7391520627667336,0.6485784147077107
DOC,0.2711603643052991,105,0.6011423420393555,0.9348887466604382
SPG,0.27015698429211943,105,0.6686588527671059,0.7926419120341838
CI,0.2696639227831247,105,0.44318333953471056,1.6107376466741434
BKNG,0.26962011574238665,105,0.8040605195138145,0.6247671446358917
PFG,0.26955576443722157,105,0.4189375618881341,1.4473949224095977
ULTA,0.26923794282815006,105,0.4617861400777495,1.455875521104952
C,0.2681724018682061,105,0.6427198565646205,0.8180650661378065
VICI,0.2674685769379444,105,0.4121905404103648,1.3720070959857702
PRU,0.267331011395412,105,0.6543100458667709,0.7682057473464249
JCI,0.26731492114644306,105,0.5790966060856454,1.0547690274802601
TROW,0.2668777254137472,105,0.42985783970574704,1.380469358011435
MAS,0.26595809711653884,105,0.642780445810045,0.8745382430382995
AOS,0.26585635288629406,105,0.5800929014242996,0.9280843849834147
TSN,0.26501232110366674,105,0.4069381510932794,1.6623214883703894
MMM,0.26485991406811865,105,0.6479365157327792,0.8117999172498471
DE,0.26414418221430236,105,0.2537289906804315,2.1105458191361275
LHX,0.26394847724166287,105,0.6336203442785194,0.8113971486002317
HRL,0.26358191908672435,105,0.5678595263123474,1.0497217646532653
ADI,0.263215547195567,105,0.501413723282876,1.0549561929032945
FDX,0.26314977581410426,105,0.6101423869685383,0.9202899182709163
IRM,0.26206812652215566,105,0.8576651438885682,0.5307868804029255
ABNB,0.26038677770730345,105,0.4704487098645477,1.42577492272987
MLM,0.259968240581613,105,0.6464414728444582,0.9310789430921804
DLTR,0.2597884657183653,105,0.6331504857914505,1.0021275157626244
MET,0.2585393332011392,105,0.6540005470724085,0.7601035770452781
DHR,0.2584620992581346,105,0.501646882542091,1.0856331297457673
AIZ,0.257170733673705,105,0.7895903049852859,0.6039664980149653
AMGN,0.25687500673071695,105,0.5903985605703913,0.9886767563172809
UDR,0.2565822706021094,105,0.5374341955987257,1.1280725210680163
CNC,0.2564340150769873,105,0.37533639279019737,1.7589046084479243
EW,0.25583156489575287,105,0.3829133141555106,1.5746301735122314
XYL,0.25577453111770065,105,0.5340887042456198,1.084622977451977
NWS,0.2556931490112661,105,0.7016028983231545,0.7905277427036855
BBY,0.2554152765642086,105,0.5178543620293391,1.1659400705180942
INTU,0.2553600752280489,105,0.7172891654382282,0.6366480394003808
FAST,0.2549723813717876,105,0.7352931370735674,0.672456634752119
NWSA,0.2549205912311294,105,0.6748743153544365,0.8004779571388412
WAB,0.2549121969213169,105,0.6908853735441652,0.8733811144314336
JBHT,0.2548847431549021,105,0.3459453737336631,1.7783309852109845
PCAR,0.25401511776632396,105,0.6554922534080911,0.9747847951014446
MSCI,0.25394845401486854,105,0.35733734348626156,1.678822049963084
ALLE,0.2538793457913295,105,0.5089727458277176,1.1778942209931247
AMZN,0.25385731842270054,105,0.7752236718110221,0.706023039808222
CMI,0.25374312593820686,105,0.5669666344412823,0.9711627812279294
WST,0.2534275560090198,105,0.5446039969226645,1.2516245102687755
AXP,0.2528381644714434,105,0.6684096875563673,0.8089539577650615
ALL,0.2528265125065582,105,0.6339377578050363,1.040186344655991
TXN,0.2527555008645573,105,0.5672565712207146,0.9084890817725652
ELV,0.25257687678825247,105,0.48250065312040297,1.1111930095796931
HII,0.2519089945179264,105,0.353324921144328,2.096342908948486
DOW,0.2505683015813132,105,0.41081590691319525,1.4820037984210395
HPQ,0.25043274346440786,105,0.4588341489057107,1.4322712974256457
AMP,0.2501663598869494,105,0.6275183214861974,1.0202589690951371
AWK,0.2500314835699833,105,0.41218421691624224,1.628432397883421
CPRT,0.24973897820694668,105,0.7260889222017058,0.8025016489002307
PGR,0.2494971584393414,105,0.705069520559438,0.8975634908659588
EBAY,0.24939306710567777,105,0.6254889663651292,0.8120629485563247
CINF,0.24885413960033204,105,0.5610694241075336,1.0747336016024678
CPT,0.24854157370288474,105,0.5563919065997245,1.1090900973886193
ANSS,0.2472538723911232,105,0.5011554044692859,1.1586186150356435
MKC,0.2457520917836733,105,0.4422552322489731,1.723337297127318
GDDY,0.24560097816531476,105,0.8127670376740754,0.5700538106322933
EG,0.24523889229186535,105,0.3286250588504209,1.5660927667218754
COO,0.2451920841713466,105,0.4013690501967092,1.615217911626559
SHW,0.24502398181655133,105,0.6890111755082062,0.7688013411160167
OXY,0.24438052826487247,105,0.4225824568486055,1.374813475578135
TYL,0.24322496038497898,105,0.7516381786127803,0.5918867294968402
ROL,0.24302443275417804,105,0.5364852646579579,1.137236281720767
VMC,0.2426402980054564,105,0.6457878998479987,0.8871733186333767
MNST,0.24245050971063029,105,0.39921620471226765,1.4416842708789173
GLW,0.24183485137007912,105,0.6008144510005289,1.00450980070792
DD,0.24165422145023652,105,0.47935363553761057,1.2571208246640664
BMY,0.24134468620007093,105,0.6684328684563905,0.7967811475427847
CDW,0.24127003252168303,105,0.47866943366809633,1.3526095783304843
ACGL,0.24093858534318266,105,0.6651634451233368,0.8323839785483783
ACN,0.240202847387761,105,0.5644137025566784,1.0270356818528628
NVR,0.23960262331986665,105,0.7925098412026591,0.634302020118673
PSA,0.23939848430434227,105,0.5681385905011191,0.9438398184195255
ISRG,0.23826370230823965,105,0.6606305593134317,1.0312475907431744
EMN,0.2381618027226952,105,0.5756037483247163,0.9296756390107334
TAP,0.23805924420701535,105,0.4430493654939063,1.6804341211100642
XOM,0.2376270728196833,105,0.33021335419674125,1.7461830946431773
HIG,0.23752235391471332,105,0.6971363230336006,0.8229560644869068
OMC,0.23717255018462063,105,0.4849114859801343,1.215766511066127
EQR,0.2370347842291663,105,0.5044216760455849,1.239790254238909
LOW,0.23662814930922196,105,0.5490975146672415,1.0162599388311195
FTV,0.23660022783046783,105,0.3971013506729912,1.6356413406093937
VTR,0.2359747136777079,105,0.5156828296072038,1.3482832826241142
SYK,0.2359298420366545,105,0.6059250729020312,0.9472698035836956
STT,0.23577951851878315,105,0.5057866551631476,1.2102340553458257
SJM,0.23564897688418468,105,0.5843421361915235,0.9140440328366749
ES,0.2352804564020982,105,0.60089773532351,0.9815510538725382
DOV,0.23514444418533942,105,0.6048530159252742,0.7726369330444607
NKE,0.23471492721095388,105,0.5059203789019959,1.1535026971863933
BLK,0.23431916485434318,105,0.6423600589315559,0.8653445810698248
TMUS,0.23373471280483696,105,0.7996515104411835,0.5739028311824377
ECL,0.2335719271876711,105,0.7264346027334204,0.7474786558970525
EQIX,0.23285205526216943,105,0.5399140873316878,1.0168498952175595
DIS,0.232786253285414,105,0.4092824906465699,1.8821215027460638
ICE,0.23206243446700617,105,0.7718324913084442,0.6653711085079264
CSX,0.23171951583963635,105,0.4727751983971438,1.2871055309338828
LYB,0.2316518508339369,105,0.4402524123098471,1.2859265306777536
BIIB,0.231319894392091,105,0.6855587718382644,0.815565326672158
TEL,0.23079410755048088,105,0.5017546255456966,1.0452063220613055
PKG,0.23062116958875306,105,0.7096657111625568,0.7484809437140705
MCO,0.2305999751433572,105,0.6696335476739059,0.8721977378455761
AMCR,0.22801698901497736,105,0.5483563674174954,1.0692435825231774
VZ,0.22726393607011475,105,0.6503749424549267,0.6980908326995995
LMT,0.2267580489344827,105,0.6337974937420618,0.8544531897393458
HD,0.2245183291282247,105,0.5862068479133218,0.937985175485654
INVH,0.2241359537778426,105,0.4269145365605964,1.311797504784574
TTWO,0.2234742326094135,105,0.6847571404525659,0.8519301463816457
AZO,0.22228707531172012,105,0.48944805389114604,1.0469738407057423
CAG,0.2216760462523955,105,0.5032905179961467,1.5975366610046733
WELL,0.22131369786802457,105,0.802658357925245,0.6140463015212307
FFIV,0.22110043288552167,105,0.7224423035178286,0.6974068095978319
D,0.2202960633671661,105,0.6197631121195768,0.8938611421010932
MAA,0.21951905879898556,105,0.5210654058828892,1.2446359374781477
WM,0.21887037311345023,105,0.5672010702606713,1.2050874670619827
TRV,0.2188077950071248,105,0.6101618658316141,1.0209322943233976
JPM,0.21876715546737244,105,0.70233627203542,0.8473510658465805
T,0.21758226535496109,105,0.6167143030516379,1.0662934699153945
FIS,0.21739086651021566,105,0.6270146209759969,0.9793084598031365
NOC,0.21713094990454165,105,0.3402548906760531,1.784845610902239
IBM,0.21669736123105884,105,0.7319658135055059,0.8037932221981188
CTSH,0.21666645550562547,105,0.5531275987523246,1.0373800345412039
NDAQ,0.2153094077042485,105,0.6118459287611095,1.0296531965755966
AAPL,0.21433838721302897,105,0.668716748558061,0.9715088854352311
SPGI,0.21427748173385558,105,0.6032471919859638,1.0716399066079698
MDT,0.21363996514938932,105,0.4419374389980304,1.349294467648488
TDG,0.2136338829958252,105,0.8464228678114039,0.5533055190201823
BK,0.21272235203700096,105,0.6748465124710876,0.9283494604207039
MSFT,0.21263876484018968,105,0.7688411626575313,0.7173216236635994
AFL,0.21090240978558486,105,0.7555586211320475,0.6709897338096824
MAR,0.21063934421619648,105,0.7247297889620552,0.8123556513911623
HSY,0.2094599149139308,105,0.4990428835368205,1.7751401630129224
PFE,0.20895341503627143,105,0.7283632487241518,0.8348767041571744
STZ,0.20882594352605327,105,0.4590034513830771,1.3423204511219595
EXPD,0.2084944910168037,105,0.3920115713103478,1.4319617949844194
PPG,0.2084820017730875,105,0.32023541024047647,1.777475525357867
J,0.2084412826548003,105,0.6137869844361677,0.7781624765333626
CBOE,0.20808633451001202,105,0.7591626133833064,0.7136129219291929
RTX,0.20669943292446127,105,0.6647466948340829,0.8491494048442734
AME,0.20664396989878644,105,0.5229976046984695,1.158424760885096
TMO,0.20627700391869921,105,0.4757718617552804,1.2884258951923746
ROST,0.20522390918191877,105,0.6211423032863624,0.9024159316756469
WRB,0.20483387615045598,105,0.6286303599406616,1.0373840736528996
FOXA,0.2047102716486295,105,0.5781424159242742,1.0957025528963662
PTC,0.20451406598280736,105,0.7143389489003192,0.6833455065764928
IEX,0.20429468626683803,105,0.3649234764161728,1.7384024741039135
CPB,0.20383784675533637,105,0.5153843797616956,1.3594141755987708
MCK,0.2036207265152442,105,0.6202295690273855,1.0753804248924637
FRT,0.20350724226989542,105,0.5120096571344079,1.0283393759806474
AVB,0.20322360705113282,105,0.5976295686230255,0.9994431616631326
AON,0.20282857695745846,105,0.472213410834027,1.209628307279383
FOX,0.20281555280400723,105,0.5790980126911273,1.1583198937509902
AIG,0.2027276631486256,105,0.6402876480797322,0.9311001974746047
GL,0.20263487998839988,105,0.3864568916146968,1.8023521946069425
OTIS,0.20248282831844835,105,0.5117026075041823,1.0954825086609605
UNP,0.20232059413248304,105,0.510192108526788,1.1606924953070357
EIX,0.20230878259221863,105,0.5142898911914169,1.1803184917692873
CAH,0.20215226766473848,105,0.6947999035541955,0.8149641605938897
SRE,0.201891140754858,105,0.5802985733360387,0.8370011927694215
WMB,0.20108054445006474,105,0.8115448993572726,0.6024883216304365
KDP,0.20034586005809804,105,0.4996540534363245,1.307420149679344
MDLZ,0.1997716032860911,105,0.3121060999085778,2.3190081961203615
LIN,0.1993588693040326,105,0.7215570523144552,0.6377781138980708
PEG,0.19919832203206156,105,0.6482323998921792,0.9061226541260465
REG,0.19906969245587314,105,0.5097948240768773,1.1406866980103576
GILD,0.19845675979585842,105,0.5248466166209143,1.0452765497358774
BR,0.19805548626835376,105,0.8017856310638747,0.5295767965327687
FDS,0.1980178006047261,105,0.44235524188403885,1.1562069621059858
ABBV,0.19768097823038358,105,0.48951082012522973,1.3236307931853113
COR,0.1971024667585629,105,0.6751300538298589,0.9368762675266387
ZBH,0.19692696253242473,105,0.4901291486790103,1.3096901708119462
TDY,0.1964051490562689,105,0.4342282176302771,1.3076013136287246
EXC,0.1956950179822369,105,0.389733365923579,1.305418212518994
ABT,0.19447359283309534,105,0.40466243593391077,1.5347141381736813
KMI,0.19401555816400756,105,0.7368853986443908,0.6226883107452384
XEL,0.19390964610001243,105,0.43038351220855664,1.8093125174853661
MO,0.19363073671214467,105,0.6255322348646102,0.8182863504751764
ETR,0.19325579707682036,105,0.6683199649898063,0.7998205327944364
PNW,0.1931923098568908,105,0.5419339688429881,1.0180061427046971
BRO,0.19294856781164166,105,0.7881825534549047,0.666958759943899
EVRG,0.19282873976590006,105,0.542510791478869,1.0445527549424405
ORLY,0.1926100820858402,105,0.6724891081944014,0.7514848166084619
JKHY,0.1924072445256006,105,0.4979991817640188,1.1194001887089153
O,0.1904248713389899,105,0.5025524328728592,1.4049654803928608
KHC,0.19017670792382324,105,0.3990887402719628,1.7884917646491307
PM,0.18991996086025123,105,0.5842053567566701,0.9932495142469888
COST,0.18923372345509964,105,0.873553207716978,0.557501102233971
CSCO,0.18850868593262954,105,0.44363178905789125,1.3268889807840285
LH,0.18821959235792704,105,0.45063517715859336,1.3699960149111812
HLT,0.18804005061778734,105,0.762955107138014,0.7519819107154925
ITW,0.1875761483299816,105,0.4728975960878444,1.1172942913323638
HON,0.18754332852182393,105,0.4695937881012464,1.16999641784351
AEP,0.18744664764770735,105,0.602241496007864,0.94123269131045
PAYX,0.18711198717209607,105,0.5871070361142233,0.8475041074343743
AVY,0.18643826020088455,105,0.6030943146158677,0.8130056169490305
YUM,0.18624806363894636,105,0.4335710518994736,1.161268688743696
QQQ,0.18524483244482087,105,0.785002056574588,0.7248211723552949
GIS,0.18440857781856376,105,0.4090424790186608,2.2434636949035975
AEE,0.18418215139603245,105,0.48686713728141456,1.2520825699799567
AJG,0.18401005707733234,105,0.7209958780887545,0.7476083203326656
MRK,0.1834116608396195,105,0.39404927176332244,1.7270530567674962
VRSK,0.1817065432693028,105,0.685492395201903,0.8969110879390323
PCG,0.18087899184768746,105,0.4713104200349523,1.2880044078894364
SYY,0.18037495630755812,105,0.5219847021828158,1.0522324922875899
CNP,0.18037122714703874,105,0.344650320738447,1.672732176644651
FI,0.17991583569104064,105,0.7090287473117167,1.005556126336639
FE,0.17881728625889126,105,0.5321726525743659,0.9966292451503813
ED,0.1784945041702522,105,0.4310972789584407,1.3935841094690584
KR,0.17794769543827527,105,0.5668248208593843,0.9446640472117072
MSI,0.17772577095970826,105,0.7203715133978883,0.8268969080383461
ADP,0.1773972656897314,105,0.5650456457964304,0.9588727147428485
PPL,0.17709997813427913,105,0.5770071564614375,1.0973854855841494
HOLX,0.17657172332090795,105,0.49180316502677884,1.247843247114313
WEC,0.17571383722288705,105,0.48519954139023524,1.2148112969101477
DTE,0.1756168201986234,105,0.5693036672212533,0.9466609661871933
LNT,0.17518992066562009,105,0.4948358706300724,1.1168201640728685
VRSN,0.1743341322639162,105,0.5005273466117974,1.1318091835962685
MCD,0.17352609028852514,105,0.45485497761034166,1.373855597626806
SO,0.17265073790497457,105,0.5872217870134381,0.995504744744947
GD,0.1725385745297485,105,0.7048026429944576,0.6849301828775488
BDX,0.1704668128661553,105,0.42065594436338566,1.3185481579104577
DGX,0.17018872526798512,105,0.4312795861358713,1.7579243345416868
DUK,0.17011884312880785,105,0.5770710754557452,0.9801688137285759
CB,0.16947297687169557,105,0.6271521409627713,0.9858743004061552
CLX,0.16902497781910228,105,0.4991730627161424,1.3089255983725645
CMS,0.16851658958735624,105,0.566347271819534,0.9324640826475133
L,0.1676013372850727,105,0.7106127861796563,0.7353708924251228
BSX,0.167083037849571,105,0.7833189461495156,0.663163642813678
TJX,0.16552586450111176,105,0.7596710302414955,0.646336979278104
ATO,0.16521573859094624,105,0.6151927218393761,0.8080918575003759
CME,0.16459854064009974,105,0.6719368066167648,0.7400086243755687
CHD,0.1631851216485827,105,0.6207142172560883,0.857504156879722
JNJ,0.16242790997975326,105,0.29307387839587157,2.267273867213815
NI,0.16184622470464957,105,0.675277013294884,0.7318958906140234
RSG,0.16020296800581232,105,0.7688033502614723,0.7628825838057581
V,0.15518623968443512,105,0.70771267673853,0.7502555512818802
PEP,0.15255630359491254,105,0.3818080813161037,1.7362306084222512
MA,0.15112896401948864,105,0.703905839529749,0.7352662332494438
WMT,0.15087790515821276,105,0.7904673273018418,0.692698472903141
JNPR,0.14739412847732228,105,0.5585151642969475,1.0044026017208145
WTW,0.14668178504616566,105,0.6067887633391497,0.963104308771197
CL,0.14645192066460527,105,0.56347644694049,1.3998987019859312
MMC,0.144587952152294,105,0.7617820935190228,0.6150430542327101
ROP,0.14316010186952685,105,0.6814195291250336,0.7309933842910892
KMB,0.13963213510918035,105,0.4356074728978017,1.584372848295975
SPY,0.13674642674860407,105,0.7287163984692544,0.8494134470136953
PG,0.13297018212297865,105,0.5467835564158002,1.0950077908916718
KO,0.1304742511924967,105,0.5617609337159951,1.2821507171080344
K,0.08151709817558013,105,0.6753526885665356,0.7942020627239477
